GROUP,PACKAGE,CLASS,INSTRUCTION_MISSED,INSTRUCTION_COVERED,BRANCH_MISSED,BRANCH_COVERED,LINE_MISSED,LINE_COVERED,COMPLEXITY_MISSED,COMPLEXITY_COVERED,METHOD_MISSED,METHOD_COVERED
Biblioteca de componentes compartilhados do SisLara,br.laramara.ti.sislaracommons.utilitarios,ImagemUtils,14,34,0,0,3,10,1,2,1,2
Biblioteca de componentes compartilhados do SisLara,br.laramara.ti.sislaracommons.utilitarios,TextoUtils,11,79,2,8,2,16,4,11,2,8
Biblioteca de componentes compartilhados do SisLara,br.laramara.ti.sislaracommons.utilitarios,MaquinaTempo,0,23,0,2,0,9,0,7,0,6
Biblioteca de componentes compartilhados do SisLara,br.laramara.ti.sislaracommons.utilitarios,DataHoraUtils,48,705,18,54,13,157,22,68,5,49
Biblioteca de componentes compartilhados do SisLara,br.laramara.ti.sislaracommons.utilitarios,CpfCnpjUtils,8,262,13,37,3,33,14,14,1,2
Biblioteca de componentes compartilhados do SisLara,br.laramara.ti.sislaracommons.utilitarios,TiposDeTeste,3,0,0,0,1,0,1,0,1,0
Biblioteca de componentes compartilhados do SisLara,br.laramara.ti.sislaracommons.utilitarios,DinheiroUtils,59,119,25,17,8,23,20,14,5,8
Biblioteca de componentes compartilhados do SisLara,br.laramara.ti.sislaracommons.utilitarios,NumeroUtils,6,100,7,15,1,26,8,11,1,7
Biblioteca de componentes compartilhados do SisLara,br.laramara.ti.sislaracommons.utilitarios,CpfUtils,9,110,3,7,3,20,4,3,1,1
Biblioteca de componentes compartilhados do SisLara,br.laramara.ti.sislaracommons.utilitarios,Sessao,29,61,0,0,8,17,4,9,4,9
Biblioteca de componentes compartilhados do SisLara,br.laramara.ti.sislaracommons.utilitarios,Criptografia,15,139,2,4,4,17,3,4,1,3
Biblioteca de componentes compartilhados do SisLara,br.laramara.ti.sislaracommons.dtos.instituicao,ResultadoListagemClassificacaoInstituicaoDTO,0,3,0,0,0,1,0,1,0,1
Biblioteca de componentes compartilhados do SisLara,br.laramara.ti.sislaracommons.dtos.instituicao,EspecificacaoPesquisaInstituicaoDTO,0,7,0,0,0,3,0,2,0,2
Biblioteca de componentes compartilhados do SisLara,br.laramara.ti.sislaracommons.dtos.instituicao,ClassificacaoInstituicaoDTO,37,9,12,0,14,4,7,2,1,2
Biblioteca de componentes compartilhados do SisLara,br.laramara.ti.sislaracommons.dtos.instituicao,TipoInstituicaoDTO,37,9,12,0,13,4,7,2,1,2
Biblioteca de componentes compartilhados do SisLara,br.laramara.ti.sislaracommons.dtos.instituicao,ResultadoListagemTipoInstituicaoDTO,0,3,0,0,0,1,0,1,0,1
Biblioteca de componentes compartilhados do SisLara,br.laramara.ti.sislaracommons.dtos.instituicao,ResultadoEdicaoInstituicaoDTO,0,3,0,0,0,1,0,1,0,1
Biblioteca de componentes compartilhados do SisLara,br.laramara.ti.sislaracommons.dtos.instituicao,InstituicaoDTO,127,114,22,0,21,45,13,27,2,27
Biblioteca de componentes compartilhados do SisLara,br.laramara.ti.sislaracommons.dtos.instituicao,ResultadoListagemInstituicaoDTO,0,3,0,0,0,1,0,1,0,1
Biblioteca de componentes compartilhados do SisLara,br.laramara.ti.sislaracommons.dtos.pendencia,PendenciaDTO,34,0,2,0,11,0,7,0,6,0
Biblioteca de componentes compartilhados do SisLara,br.laramara.ti.sislaracommons.dtos.pendencia,ResultadoListagemPendenciaDTO,3,0,0,0,1,0,1,0,1,0
Biblioteca de componentes compartilhados do SisLara,br.laramara.ti.sislaracommons.dtos.seguranca,PerfilDTO,45,34,12,0,17,13,9,6,3,6
Biblioteca de componentes compartilhados do SisLara,br.laramara.ti.sislaracommons.dtos.seguranca,GrupoContaAcessoBloqueadoDTO,21,5,0,0,4,2,2,1,2,1
Biblioteca de componentes compartilhados do SisLara,br.laramara.ti.sislaracommons.dtos.seguranca,ResultadoListagemPermissaoDTO,0,3,0,0,0,1,0,1,0,1
Biblioteca de componentes compartilhados do SisLara,br.laramara.ti.sislaracommons.dtos.seguranca,ResultadoListagemGruposBloqueadosDTO,0,3,0,0,0,1,0,1,0,1
Biblioteca de componentes compartilhados do SisLara,br.laramara.ti.sislaracommons.dtos.seguranca,PermissaoDTO,37,9,12,0,13,4,7,2,1,2
Biblioteca de componentes compartilhados do SisLara,br.laramara.ti.sislaracommons.dtos.seguranca,ResultadoListagemPerfilDTO,0,3,0,0,0,1,0,1,0,1
Biblioteca de componentes compartilhados do SisLara,br.laramara.ti.sislaracommons.dtos.seguranca,ResultadoAutenticacaoDTO,0,12,0,0,0,5,0,3,0,3
Biblioteca de componentes compartilhados do SisLara,br.laramara.ti.sislaracommons.dtos.seguranca,ResultadoListagemUsuariosBloqueadosDTO,0,3,0,0,0,1,0,1,0,1
Biblioteca de componentes compartilhados do SisLara,br.laramara.ti.sislaracommons.dtos.seguranca,ResultadoEdicaoPerfilDTO,0,3,0,0,0,1,0,1,0,1
Biblioteca de componentes compartilhados do SisLara,br.laramara.ti.sislaracommons.dtos.seguranca,ResultadoDesativacaoFiltroGrupoDTO,9,0,0,0,4,0,2,0,2,0
Biblioteca de componentes compartilhados do SisLara,br.laramara.ti.sislaracommons.dtos.seguranca,CredencialExternaDTO,28,15,0,0,7,6,4,3,4,3
Biblioteca de componentes compartilhados do SisLara,br.laramara.ti.sislaracommons.dtos.seguranca,ResultadoAlteracaoExtensaoRelatorioDTO,0,9,0,0,0,4,0,2,0,2
Biblioteca de componentes compartilhados do SisLara,br.laramara.ti.sislaracommons.dtos.seguranca,ResultaodAlteracaoExtensaoRelatorioDTO,26,0,0,0,6,0,3,0,3,0
Biblioteca de componentes compartilhados do SisLara,br.laramara.ti.sislaracommons.dtos.seguranca,ContaAcessoBloqueadoDTO,0,15,0,0,0,6,0,3,0,3
Biblioteca de componentes compartilhados do SisLara,br.laramara.ti.sislaracommons.dtos.seguranca,ResultadoListagemContaAcessoDTO,0,3,0,0,0,1,0,1,0,1
Biblioteca de componentes compartilhados do SisLara,br.laramara.ti.sislaracommons.dtos.seguranca,ResultadoEdicaoContaAcessoDTO,8,0,0,0,3,0,2,0,2,0
Biblioteca de componentes compartilhados do SisLara,br.laramara.ti.sislaracommons.dtos.seguranca,ResultadoCoordenacaoEdicaoDTO,0,16,0,0,0,4,0,2,0,2
Biblioteca de componentes compartilhados do SisLara,br.laramara.ti.sislaracommons.dtos.seguranca,TokenDTO,35,14,11,1,13,6,7,3,1,3
Biblioteca de componentes compartilhados do SisLara,br.laramara.ti.sislaracommons.dtos.seguranca,ResultadoOperacaoFiltroGrupoDTO,6,0,0,0,3,0,2,0,2,0
Biblioteca de componentes compartilhados do SisLara,br.laramara.ti.sislaracommons.dtos.seguranca,UsuarioContaAcessoBloqueadoDTO,21,5,0,0,4,2,2,1,2,1
Biblioteca de componentes compartilhados do SisLara,br.laramara.ti.sislaracommons.dtos.seguranca,GeralContaAcessoBloqueadoDTO,19,0,0,0,4,0,2,0,2,0
Biblioteca de componentes compartilhados do SisLara,br.laramara.ti.sislaracommons.dtos.seguranca,ContaAcessoDTO,14,63,0,0,6,25,4,15,4,15
Biblioteca de componentes compartilhados do SisLara,br.laramara.ti.sislaracommons.dtos.seguranca,EspecificacaoPesquisaContaAcessoDTO,7,0,0,0,3,0,2,0,2,0
Biblioteca de componentes compartilhados do SisLara,br.laramara.ti.sislaracommons.dtos.seguranca,EspecificacaoPesquisaPerfilDTO,7,0,0,0,3,0,2,0,2,0
Biblioteca de componentes compartilhados do SisLara,br.laramara.ti.sislaracommons.dtos.seguranca,ResultadoListagemGeralBloqueadosDTO,3,0,0,0,1,0,1,0,1,0
Biblioteca de componentes compartilhados do SisLara,br.laramara.ti.sislaracommons.dtos.seguranca,CredencialDTO,0,21,0,0,0,8,0,4,0,4
Biblioteca de componentes compartilhados do SisLara,br.laramara.ti.sislaracommons.dtos.contribuicao,ResultadoListagemMotivoDesativacaoDTO,3,0,0,0,1,0,1,0,1,0
Biblioteca de componentes compartilhados do SisLara,br.laramara.ti.sislaracommons.dtos.contribuicao,MotivoDesativacaoDTO,40,12,12,0,14,5,8,2,2,2
Biblioteca de componentes compartilhados do SisLara,br.laramara.ti.sislaracommons.dtos.contribuicao,ContribuinteDTO,58,69,12,0,22,28,13,17,7,17
Biblioteca de componentes compartilhados do SisLara,br.laramara.ti.sislaracommons.dtos.contribuicao,EspecificacaoPesquisaContribuinteDTO,10,0,0,0,4,0,2,0,2,0
Biblioteca de componentes compartilhados do SisLara,br.laramara.ti.sislaracommons.dtos.contribuicao,StatusContribuinteDTO,37,9,12,0,13,4,7,2,1,2
Biblioteca de componentes compartilhados do SisLara,br.laramara.ti.sislaracommons.dtos.contribuicao,ResultadoListagemContribuinteDTO,3,0,0,0,1,0,1,0,1,0
Biblioteca de componentes compartilhados do SisLara,br.laramara.ti.sislaracommons.dtos.contribuicao,ResultadoEdicaoReciboDTO,8,0,0,0,3,0,2,0,2,0
Biblioteca de componentes compartilhados do SisLara,br.laramara.ti.sislaracommons.dtos.contribuicao,ResultadoEdicaoContribuinteDTO,0,8,0,0,0,3,0,2,0,2
Biblioteca de componentes compartilhados do SisLara,br.laramara.ti.sislaracommons.dtos.contribuicao,ResultadoListagemStatusContribuinteDTO,3,0,0,0,1,0,1,0,1,0
Biblioteca de componentes compartilhados do SisLara,br.laramara.ti.sislaracommons.dtos.contribuicao,FrequenciaContribuicaoDTO,46,0,12,0,17,0,9,0,3,0
Biblioteca de componentes compartilhados do SisLara,br.laramara.ti.sislaracommons.dtos.retirada,RetiradaDTO,0,24,0,0,0,10,0,7,0,7
Biblioteca de componentes compartilhados do SisLara,br.laramara.ti.sislaracommons.dtos.retirada,ResultadoEdicaoRetiradaDTO,3,0,0,0,1,0,1,0,1,0
Biblioteca de componentes compartilhados do SisLara,br.laramara.ti.sislaracommons.dtos.atendimento,AcaoCondutaDTO,111,38,10,0,17,16,14,11,9,11
Biblioteca de componentes compartilhados do SisLara,br.laramara.ti.sislaracommons.dtos.atendimento,StatusAtendimentoDTO,32,14,11,1,11,6,6,3,0,3
Biblioteca de componentes compartilhados do SisLara,br.laramara.ti.sislaracommons.dtos.atendimento,TipoAcaoCondutaDTO,35,11,11,1,12,5,7,2,1,2
Biblioteca de componentes compartilhados do SisLara,br.laramara.ti.sislaracommons.dtos.atendimento,ResultadoValidacaoAcaoCondutaDTO,8,0,0,0,3,0,2,0,2,0
Biblioteca de componentes compartilhados do SisLara,br.laramara.ti.sislaracommons.dtos.atendimento,ResultadoListagemOpcaoIntegracaoDTO,3,0,0,0,1,0,1,0,1,0
Biblioteca de componentes compartilhados do SisLara,br.laramara.ti.sislaracommons.dtos.atendimento,AtendimentoProfissionalDTO,11,10,0,0,4,5,3,3,3,3
Biblioteca de componentes compartilhados do SisLara,br.laramara.ti.sislaracommons.dtos.atendimento,ResultadoListagemAtendimentoIndividualDTO,0,3,0,0,0,1,0,1,0,1
Biblioteca de componentes compartilhados do SisLara,br.laramara.ti.sislaracommons.dtos.atendimento,ParticipacaoDTO,37,9,12,0,13,4,7,2,1,2
Biblioteca de componentes compartilhados do SisLara,br.laramara.ti.sislaracommons.dtos.atendimento,ResultadoEdicaoAtendimentoIndividualDTO,0,3,0,0,0,1,0,1,0,1
Biblioteca de componentes compartilhados do SisLara,br.laramara.ti.sislaracommons.dtos.atendimento,AtendimentoBaseDTO,10,27,0,0,4,10,3,5,3,5
Biblioteca de componentes compartilhados do SisLara,br.laramara.ti.sislaracommons.dtos.atendimento,EspecificacaoCopiaAtendimentoIndividualDTO,0,10,0,0,0,4,0,3,0,3
Biblioteca de componentes compartilhados do SisLara,br.laramara.ti.sislaracommons.dtos.atendimento,ParticipacaoDetalhadaDTO,75,0,12,0,25,0,15,0,9,0
Biblioteca de componentes compartilhados do SisLara,br.laramara.ti.sislaracommons.dtos.atendimento,ResultadoValidacaoParticipacaoDetalhadaDTO,8,0,0,0,3,0,2,0,2,0
Biblioteca de componentes compartilhados do SisLara,br.laramara.ti.sislaracommons.dtos.atendimento,OpcaoIntegracaoDTO,37,9,12,0,13,4,7,2,1,2
Biblioteca de componentes compartilhados do SisLara,br.laramara.ti.sislaracommons.dtos.atendimento,ResultadoListagemTipoAcaoCondutaDTO,3,0,0,0,1,0,1,0,1,0
Biblioteca de componentes compartilhados do SisLara,br.laramara.ti.sislaracommons.dtos.atendimento,ResultadoListagemParticipacaoDTO,3,0,0,0,1,0,1,0,1,0
Biblioteca de componentes compartilhados do SisLara,br.laramara.ti.sislaracommons.dtos.atendimento,AtendimentoUsuarioDTO,5,10,0,0,1,5,1,3,1,3
Biblioteca de componentes compartilhados do SisLara,br.laramara.ti.sislaracommons.dtos.atendimento,EspecificacaoPesquisaAtendimentoIndividualDTO,0,82,0,0,0,26,0,14,0,14
Biblioteca de componentes compartilhados do SisLara,br.laramara.ti.sislaracommons.dtos.atendimento,TipoVinculoDTO,37,15,12,0,13,6,7,3,1,3
Biblioteca de componentes compartilhados do SisLara,br.laramara.ti.sislaracommons.dtos.atendimento,AtendimentoComunidadeDTO,22,0,0,0,9,0,6,0,6,0
Biblioteca de componentes compartilhados do SisLara,br.laramara.ti.sislaracommons.dtos.atendimento,AtendimentoIndividualDTO,28,161,0,0,12,64,8,39,8,39
Biblioteca de componentes compartilhados do SisLara,br.laramara.ti.sislaracommons.dtos.atendimento,ResultadoListagemTipoVinculoDTO,3,0,0,0,1,0,1,0,1,0
Biblioteca de componentes compartilhados do SisLara,br.laramara.ti.sislaracommons.dtos.atendimento,AtendimentoGrupoDTO,20,95,7,5,9,37,8,20,2,20
Biblioteca de componentes compartilhados do SisLara,br.laramara.ti.sislaracommons.dtos.atendimento,AtendimentoPreCadastroDTO,5,45,0,0,1,20,1,13,1,13
Biblioteca de componentes compartilhados do SisLara,br.laramara.ti.sislaracommons.dtos.doacao,ResultadoGeracaoDemandaDTO,0,8,0,0,0,3,0,2,0,2
Biblioteca de componentes compartilhados do SisLara,br.laramara.ti.sislaracommons.dtos.doacao,ResultadoListagemProjetoDTO,0,3,0,0,0,1,0,1,0,1
Biblioteca de componentes compartilhados do SisLara,br.laramara.ti.sislaracommons.dtos.doacao,EspecificacaoPesquisaProjetoDTO,0,17,0,0,0,6,0,4,0,4
Biblioteca de componentes compartilhados do SisLara,br.laramara.ti.sislaracommons.dtos.doacao,ResultadoEdicaoProjetoDTO,0,3,0,0,0,1,0,1,0,1
Biblioteca de componentes compartilhados do SisLara,br.laramara.ti.sislaracommons.dtos.doacao,ResultadoReciboDTO,3,0,0,0,1,0,1,0,1,0
Biblioteca de componentes compartilhados do SisLara,br.laramara.ti.sislaracommons.dtos.doacao,DocumentoSolicitacaoDoacaoDTO,65,0,12,0,24,0,15,0,9,0
Biblioteca de componentes compartilhados do SisLara,br.laramara.ti.sislaracommons.dtos.doacao,ResultadoListagemReciboDTO,3,0,0,0,1,0,1,0,1,0
Biblioteca de componentes compartilhados do SisLara,br.laramara.ti.sislaracommons.dtos.doacao,ReciboDTO,71,52,12,0,28,23,16,15,10,15
Biblioteca de componentes compartilhados do SisLara,br.laramara.ti.sislaracommons.dtos.doacao,EspecificacaoPesquisaReciboDTO,13,0,0,0,5,0,2,0,2,0
Biblioteca de componentes compartilhados do SisLara,br.laramara.ti.sislaracommons.dtos.doacao,ResultadoProrrogacaoCartelaDeSelosDTO,3,0,0,0,1,0,1,0,1,0
Biblioteca de componentes compartilhados do SisLara,br.laramara.ti.sislaracommons.dtos.doacao,NomeDocumentoDTO,46,0,12,0,17,0,9,0,3,0
Biblioteca de componentes compartilhados do SisLara,br.laramara.ti.sislaracommons.dtos.doacao,ProjetoDTO,62,78,12,0,17,33,10,21,4,21
Biblioteca de componentes compartilhados do SisLara,br.laramara.ti.sislaracommons.dtos.doacao,ResultadoListagemNomeDocumentoDTO,3,0,0,0,1,0,1,0,1,0
Biblioteca de componentes compartilhados do SisLara,br.laramara.ti.sislaracommons.dtos.doacao,EspecificacaoPesquisaDemandaDTO,0,69,0,0,0,22,0,12,0,12
Biblioteca de componentes compartilhados do SisLara,br.laramara.ti.sislaracommons.dtos.doacao,ResultadoListagemDemandaDTO,0,3,0,0,0,1,0,1,0,1
Biblioteca de componentes compartilhados do SisLara,br.laramara.ti.sislaracommons.dtos.doacao,PatrocinadorDTO,12,26,0,0,6,10,3,5,3,5
Biblioteca de componentes compartilhados do SisLara,br.laramara.ti.sislaracommons.dtos.doacao,FilialDTO,41,31,12,0,14,13,8,9,2,9
Biblioteca de componentes compartilhados do SisLara,br.laramara.ti.sislaracommons.dtos.doacao,DemandaDTO,14,113,0,0,6,48,4,31,4,31
Biblioteca de componentes compartilhados do SisLara,br.laramara.ti.sislaracommons.dtos.doacao,EspecificacaoGeracaoDemandaDTO,14,48,0,0,6,19,4,11,4,11
Biblioteca de componentes compartilhados do SisLara,br.laramara.ti.sislaracommons.dtos.doacao,EspecificacaoCaptacaoDemandaDTO,24,0,0,0,10,0,7,0,7,0
Biblioteca de componentes compartilhados do SisLara,br.laramara.ti.sislaracommons.dtos.doacao,EspecificacaoReciboCaptacaoCartelaDeSelosDTO,15,0,0,0,6,0,3,0,3,0
Biblioteca de componentes compartilhados do SisLara,br.laramara.ti.sislaracommons.dtos.doacao,ResultadoCaptacaoCartelaDeSelosDTO,3,0,0,0,1,0,1,0,1,0
Biblioteca de componentes compartilhados do SisLara,br.laramara.ti.sislaracommons.dtos.doacao,ResultadoEdicaoDemandaDTO,0,3,0,0,0,1,0,1,0,1
Biblioteca de componentes compartilhados do SisLara,br.laramara.ti.sislaracommons.dtos.doacao,StatusDemandaDTO,37,9,12,0,13,4,7,2,1,2
Biblioteca de componentes compartilhados do SisLara,br.laramara.ti.sislaracommons.dtos.doacao,ResultadoListagemStatusDemandaDTO,0,3,0,0,0,1,0,1,0,1
Biblioteca de componentes compartilhados do SisLara,br.laramara.ti.sislaracommons.dtos.doacao,ResultadoListagemFilialDTO,3,0,0,0,1,0,1,0,1,0
Biblioteca de componentes compartilhados do SisLara,br.laramara.ti.sislaracommons.dtos.precadastro,ResultadoListagemPreCadastroDTO,0,3,0,0,0,1,0,1,0,1
Biblioteca de componentes compartilhados do SisLara,br.laramara.ti.sislaracommons.dtos.precadastro,EspecificacaoPesquisaPreCadastroDTO,0,13,0,0,0,5,0,2,0,2
Biblioteca de componentes compartilhados do SisLara,br.laramara.ti.sislaracommons.dtos.precadastro,PreCadastroDTO,41,36,12,0,14,15,8,9,2,9
Biblioteca de componentes compartilhados do SisLara,br.laramara.ti.sislaracommons.dtos.precadastro,ResultadoEdicaoPreCadastroDTO,0,3,0,0,0,1,0,1,0,1
Biblioteca de componentes compartilhados do SisLara,br.laramara.ti.sislaracommons.dtos.escola,PeriodoDTO,37,9,12,0,13,4,7,2,1,2
Biblioteca de componentes compartilhados do SisLara,br.laramara.ti.sislaracommons.dtos.escola,AreaFormacaoDTO,37,15,12,0,13,6,7,3,1,3
Biblioteca de componentes compartilhados do SisLara,br.laramara.ti.sislaracommons.dtos.escola,ResultadoListagemSituacaoDTO,0,3,0,0,0,1,0,1,0,1
Biblioteca de componentes compartilhados do SisLara,br.laramara.ti.sislaracommons.dtos.escola,SerieDTO,37,15,12,0,13,6,7,3,1,3
Biblioteca de componentes compartilhados do SisLara,br.laramara.ti.sislaracommons.dtos.escola,DreCefaiDTO,37,15,12,0,13,6,7,3,1,3
Biblioteca de componentes compartilhados do SisLara,br.laramara.ti.sislaracommons.dtos.escola,SituacaoEducacionalDTO,37,9,12,0,13,4,7,2,1,2
Biblioteca de componentes compartilhados do SisLara,br.laramara.ti.sislaracommons.dtos.escola,ResultadoListagemTipoApoioDTO,0,3,0,0,0,1,0,1,0,1
Biblioteca de componentes compartilhados do SisLara,br.laramara.ti.sislaracommons.dtos.escola,EscolaridadeDTO,40,18,12,0,14,7,8,3,2,3
Biblioteca de componentes compartilhados do SisLara,br.laramara.ti.sislaracommons.dtos.escola,ResultadoValidacaoInformacaoEducacionalDTO,0,8,0,0,0,3,0,2,0,2
Biblioteca de componentes compartilhados do SisLara,br.laramara.ti.sislaracommons.dtos.escola,ResultadoListagemEscolaridadeDTO,0,3,0,0,0,1,0,1,0,1
Biblioteca de componentes compartilhados do SisLara,br.laramara.ti.sislaracommons.dtos.escola,ResultadoListagemDreCefaiDTO,0,3,0,0,0,1,0,1,0,1
Biblioteca de componentes compartilhados do SisLara,br.laramara.ti.sislaracommons.dtos.escola,TipoApoioDTO,37,9,12,0,13,4,7,2,1,2
Biblioteca de componentes compartilhados do SisLara,br.laramara.ti.sislaracommons.dtos.escola,ResultadoListagemAreaFormacaoDTO,3,0,0,0,1,0,1,0,1,0
Biblioteca de componentes compartilhados do SisLara,br.laramara.ti.sislaracommons.dtos.escola,ResultadoListagemDiretoriaEnsinoDTO,0,3,0,0,0,1,0,1,0,1
Biblioteca de componentes compartilhados do SisLara,br.laramara.ti.sislaracommons.dtos.escola,TipoEspecialidadeDTO,37,9,12,0,13,4,7,2,1,2
Biblioteca de componentes compartilhados do SisLara,br.laramara.ti.sislaracommons.dtos.escola,DiretoriaEnsinoDTO,37,15,12,0,13,6,7,3,1,3
Biblioteca de componentes compartilhados do SisLara,br.laramara.ti.sislaracommons.dtos.escola,InformacaoEducacionalDTO,0,66,0,0,0,29,0,19,0,19
Biblioteca de componentes compartilhados do SisLara,br.laramara.ti.sislaracommons.dtos.escola,ResultadoListagemPeriodoDTO,0,3,0,0,0,1,0,1,0,1
Biblioteca de componentes compartilhados do SisLara,br.laramara.ti.sislaracommons.dtos.escola,ResultadoListagemSerieDTO,0,3,0,0,0,1,0,1,0,1
Biblioteca de componentes compartilhados do SisLara,br.laramara.ti.sislaracommons.dtos.escola,ResultadoListagemTipoEspecialidadeDTO,0,3,0,0,0,1,0,1,0,1
Biblioteca de componentes compartilhados do SisLara,br.laramara.ti.sislaracommons.dtos,ResultadoListagemDTO,0,38,0,0,0,16,0,6,0,6
Biblioteca de componentes compartilhados do SisLara,br.laramara.ti.sislaracommons.dtos,ArquivoDisponivelDTO,52,0,0,0,22,0,15,0,15,0
Biblioteca de componentes compartilhados do SisLara,br.laramara.ti.sislaracommons.dtos,ContatoDTO,10,45,1,1,1,19,2,11,1,11
Biblioteca de componentes compartilhados do SisLara,br.laramara.ti.sislaracommons.dtos,TipoTelefoneDTO,37,9,12,0,13,4,7,2,1,2
Biblioteca de componentes compartilhados do SisLara,br.laramara.ti.sislaracommons.dtos,TelefoneDTO,33,15,2,0,2,6,2,3,1,3
Biblioteca de componentes compartilhados do SisLara,br.laramara.ti.sislaracommons.dtos,ResultadoValidacaoTelefoneDTO,0,8,0,0,0,3,0,2,0,2
Biblioteca de componentes compartilhados do SisLara,br.laramara.ti.sislaracommons.dtos,ResultadoListagemArquivoDisponivelDTO,3,0,0,0,1,0,1,0,1,0
Biblioteca de componentes compartilhados do SisLara,br.laramara.ti.sislaracommons.dtos,ResultadoListagemTipoTelefoneDTO,0,3,0,0,0,1,0,1,0,1
Biblioteca de componentes compartilhados do SisLara,br.laramara.ti.sislaracommons.dtos,ArquivoDTO,64,20,14,0,21,9,13,4,6,4
Biblioteca de componentes compartilhados do SisLara,br.laramara.ti.sislaracommons.dtos,HorarioDTO,0,31,0,0,0,9,0,5,0,5
Biblioteca de componentes compartilhados do SisLara,br.laramara.ti.sislaracommons.dtos,InformacaoEssencialDTO,0,76,0,0,0,31,0,19,0,19
Biblioteca de componentes compartilhados do SisLara,br.laramara.ti.sislaracommons.dtos,MecanismoTransferenciaDTO,14,53,0,0,6,14,4,7,4,7
Biblioteca de componentes compartilhados do SisLara,br.laramara.ti.sislaracommons.dtos,ModeloDTO,0,15,1,1,0,7,1,3,0,3
Biblioteca de componentes compartilhados do SisLara,br.laramara.ti.sislaracommons.dtos,ResultadoDTO,18,20,0,0,8,8,3,4,3,4
Biblioteca de componentes compartilhados do SisLara,br.laramara.ti.sislaracommons.dtos,ChavePesquisaDTO,9,400,0,0,0,40,2,3,2,3
Biblioteca de componentes compartilhados do SisLara,br.laramara.ti.sislaracommons.dtos,ResultadoAlteracaoSenhaDTO,0,8,0,0,0,3,0,2,0,2
Biblioteca de componentes compartilhados do SisLara,br.laramara.ti.sislaracommons.dtos,EspecificacaoPesquisaDTO,0,41,0,0,0,12,0,6,0,6
Biblioteca de componentes compartilhados do SisLara,br.laramara.ti.sislaracommons.dtos,SimNaoDTO,32,14,11,1,11,6,6,3,0,3
Biblioteca de componentes compartilhados do SisLara,br.laramara.ti.sislaracommons.dtos,ResultadoListagemSimNaoDTO,3,0,0,0,1,0,1,0,1,0
Biblioteca de componentes compartilhados do SisLara,br.laramara.ti.sislaracommons.dtos.espera,EsperaDTO,37,162,4,0,14,69,9,45,7,45
Biblioteca de componentes compartilhados do SisLara,br.laramara.ti.sislaracommons.dtos.espera,ResultadoListagemTipoEsperaDTO,0,3,0,0,0,1,0,1,0,1
Biblioteca de componentes compartilhados do SisLara,br.laramara.ti.sislaracommons.dtos.espera,EspecificacaoPesquisaEsperaDTO,36,143,0,0,9,45,6,22,6,22
Biblioteca de componentes compartilhados do SisLara,br.laramara.ti.sislaracommons.dtos.espera,TipoEsperaDTO,37,9,12,0,13,4,7,2,1,2
Biblioteca de componentes compartilhados do SisLara,br.laramara.ti.sislaracommons.dtos.espera,StatusEsperaDTO,37,9,12,0,13,4,7,2,1,2
Biblioteca de componentes compartilhados do SisLara,br.laramara.ti.sislaracommons.dtos.espera,ResultadoEdicaoEsperaDTO,0,3,0,0,0,1,0,1,0,1
Biblioteca de componentes compartilhados do SisLara,br.laramara.ti.sislaracommons.dtos.espera,ResultadoListagemEsperaDTO,0,3,0,0,0,1,0,1,0,1
Biblioteca de componentes compartilhados do SisLara,br.laramara.ti.sislaracommons.dtos.espera,ResultadoListagemStatusEsperaDTO,0,3,0,0,0,1,0,1,0,1
Biblioteca de componentes compartilhados do SisLara,br.laramara.ti.sislaracommons.dtos.agenda,ResultadoListagemMotivoCancelamentoDTO,0,3,0,0,0,1,0,1,0,1
Biblioteca de componentes compartilhados do SisLara,br.laramara.ti.sislaracommons.dtos.agenda,EspecificacaoGeracaoAgendamentoDTO,0,116,0,0,0,47,0,29,0,29
Biblioteca de componentes compartilhados do SisLara,br.laramara.ti.sislaracommons.dtos.agenda,MotivoCancelamentoDTO,37,15,12,0,13,6,7,3,1,3
Biblioteca de componentes compartilhados do SisLara,br.laramara.ti.sislaracommons.dtos.agenda,ResultadoListagemStatusAgendamentoDTO,0,3,0,0,0,1,0,1,0,1
Biblioteca de componentes compartilhados do SisLara,br.laramara.ti.sislaracommons.dtos.agenda,StatusAgendamentoDTO,37,9,12,0,13,4,7,2,1,2
Biblioteca de componentes compartilhados do SisLara,br.laramara.ti.sislaracommons.dtos.agenda,EspecificacaoGeracaoCopiaAgendamentoDTO,0,22,0,0,0,9,0,5,0,5
Biblioteca de componentes compartilhados do SisLara,br.laramara.ti.sislaracommons.dtos.agenda,ResultadoEdicaoAgendamentoDTO,0,3,0,0,0,1,0,1,0,1
Biblioteca de componentes compartilhados do SisLara,br.laramara.ti.sislaracommons.dtos.agenda,ResultadoGeracaoAgendamentoDTO,0,21,0,0,0,7,0,3,0,3
Biblioteca de componentes compartilhados do SisLara,br.laramara.ti.sislaracommons.dtos.agenda,ResultadoListagemAgendamentoDTO,0,3,0,0,0,1,0,1,0,1
Biblioteca de componentes compartilhados do SisLara,br.laramara.ti.sislaracommons.dtos.agenda,AgendamentoDTO,0,171,0,0,0,73,0,49,0,49
Biblioteca de componentes compartilhados do SisLara,br.laramara.ti.sislaracommons.dtos.agenda,EspecificacaoAssociacaoAgendamentoDTO,17,0,0,0,7,0,5,0,5,0
Biblioteca de componentes compartilhados do SisLara,br.laramara.ti.sislaracommons.dtos.agenda,EspecificacaoPesquisaAgendamentoDTO,0,128,0,0,0,40,0,20,0,20
Biblioteca de componentes compartilhados do SisLara,br.laramara.ti.sislaracommons.dtos.usuario,CondicaoMoradiaDTO,37,15,12,0,13,6,7,3,1,3
Biblioteca de componentes compartilhados do SisLara,br.laramara.ti.sislaracommons.dtos.usuario,SituacaoHabitacionalDTO,37,15,12,0,13,6,7,3,1,3
Biblioteca de componentes compartilhados do SisLara,br.laramara.ti.sislaracommons.dtos.usuario,PeriodoComprometimentoDTO,104,0,14,0,31,0,20,0,13,0
Biblioteca de componentes compartilhados do SisLara,br.laramara.ti.sislaracommons.dtos.usuario,ResultadoValidacaoCustoDTO,8,0,0,0,3,0,2,0,2,0
Biblioteca de componentes compartilhados do SisLara,br.laramara.ti.sislaracommons.dtos.usuario,CustoDTO,64,11,12,0,19,6,12,3,6,3
Biblioteca de componentes compartilhados do SisLara,br.laramara.ti.sislaracommons.dtos.usuario,ResultadoListagemDeficienciaDTO,0,3,0,0,0,1,0,1,0,1
Biblioteca de componentes compartilhados do SisLara,br.laramara.ti.sislaracommons.dtos.usuario,ResultadoListagemHabitacaoDTO,0,3,0,0,0,1,0,1,0,1
Biblioteca de componentes compartilhados do SisLara,br.laramara.ti.sislaracommons.dtos.usuario,UsuarioExternoDTO,27,31,0,0,1,13,1,9,1,9
Biblioteca de componentes compartilhados do SisLara,br.laramara.ti.sislaracommons.dtos.usuario,ResultadoListagemCondicaoMoradiaDTO,0,3,0,0,0,1,0,1,0,1
Biblioteca de componentes compartilhados do SisLara,br.laramara.ti.sislaracommons.dtos.usuario,ClassificacaoSocialDTO,37,9,12,0,13,4,7,2,1,2
Biblioteca de componentes compartilhados do SisLara,br.laramara.ti.sislaracommons.dtos.usuario,EncaminhamentoDTO,60,31,8,0,3,13,5,9,1,9
Biblioteca de componentes compartilhados do SisLara,br.laramara.ti.sislaracommons.dtos.usuario,PeriodoDeficienciaDTO,99,50,18,0,18,21,13,13,4,13
Biblioteca de componentes compartilhados do SisLara,br.laramara.ti.sislaracommons.dtos.usuario,ConvenioDTO,37,15,12,0,13,6,7,3,1,3
Biblioteca de componentes compartilhados do SisLara,br.laramara.ti.sislaracommons.dtos.usuario,ResultadoListagemTipoCertidaoDTO,3,0,0,0,1,0,1,0,1,0
Biblioteca de componentes compartilhados do SisLara,br.laramara.ti.sislaracommons.dtos.usuario,ResultadoListagemTipoConstrucaoDTO,0,3,0,0,0,1,0,1,0,1
Biblioteca de componentes compartilhados do SisLara,br.laramara.ti.sislaracommons.dtos.usuario,EpocaIncidenciaDTO,37,9,12,0,13,4,7,2,1,2
Biblioteca de componentes compartilhados do SisLara,br.laramara.ti.sislaracommons.dtos.usuario,ResultadoListagemItensCustoDTO,3,0,0,0,1,0,1,0,1,0
Biblioteca de componentes compartilhados do SisLara,br.laramara.ti.sislaracommons.dtos.usuario,ResultadoListagemZonaDTO,0,3,0,0,0,1,0,1,0,1
Biblioteca de componentes compartilhados do SisLara,br.laramara.ti.sislaracommons.dtos.usuario,EspecificacaoPesquisaUsuarioDTO,0,16,0,0,0,6,0,2,0,2
Biblioteca de componentes compartilhados do SisLara,br.laramara.ti.sislaracommons.dtos.usuario,ResultadoEdicaoUsuarioDTO,0,18,0,0,0,4,0,2,0,2
Biblioteca de componentes compartilhados do SisLara,br.laramara.ti.sislaracommons.dtos.usuario,ResultadoValidacaoEncaminhamentoDTO,8,0,0,0,3,0,2,0,2,0
Biblioteca de componentes compartilhados do SisLara,br.laramara.ti.sislaracommons.dtos.usuario,ResultadoListagemNecessidadeDTO,0,3,0,0,0,1,0,1,0,1
Biblioteca de componentes compartilhados do SisLara,br.laramara.ti.sislaracommons.dtos.usuario,ResultadoListagemExpectativaDTO,0,3,0,0,0,1,0,1,0,1
Biblioteca de componentes compartilhados do SisLara,br.laramara.ti.sislaracommons.dtos.usuario,ResultadoListagemConvenioDTO,0,3,0,0,0,1,0,1,0,1
Biblioteca de componentes compartilhados do SisLara,br.laramara.ti.sislaracommons.dtos.usuario,BeneficioDTO,37,15,12,0,13,6,7,3,1,3
Biblioteca de componentes compartilhados do SisLara,br.laramara.ti.sislaracommons.dtos.usuario,ServicoDTO,37,15,12,0,13,6,7,3,1,3
Biblioteca de componentes compartilhados do SisLara,br.laramara.ti.sislaracommons.dtos.usuario,SituacaoGuardaDTO,37,15,12,0,13,6,7,3,1,3
Biblioteca de componentes compartilhados do SisLara,br.laramara.ti.sislaracommons.dtos.usuario,ProntuarioEscaneadoDTO,3,12,0,0,1,5,1,2,1,2
Biblioteca de componentes compartilhados do SisLara,br.laramara.ti.sislaracommons.dtos.usuario,ResultadoListagemOrigemEncaminhamentoDTO,3,0,0,0,1,0,1,0,1,0
Biblioteca de componentes compartilhados do SisLara,br.laramara.ti.sislaracommons.dtos.usuario,OrigemEncaminhamentoDTO,37,15,12,0,13,6,7,3,1,3
Biblioteca de componentes compartilhados do SisLara,br.laramara.ti.sislaracommons.dtos.usuario,ResultadoListagemStatusDTO,0,3,0,0,0,1,0,1,0,1
Biblioteca de componentes compartilhados do SisLara,br.laramara.ti.sislaracommons.dtos.usuario,ItemCustoDTO,43,9,12,0,15,4,9,1,3,1
Biblioteca de componentes compartilhados do SisLara,br.laramara.ti.sislaracommons.dtos.usuario,DoencaDTO,52,0,12,0,19,0,10,0,4,0
Biblioteca de componentes compartilhados do SisLara,br.laramara.ti.sislaracommons.dtos.usuario,UsuarioDTO,172,498,14,0,63,194,42,116,35,116
Biblioteca de componentes compartilhados do SisLara,br.laramara.ti.sislaracommons.dtos.usuario,ResultadoListagemEpocaIncidenciaDTO,3,0,0,0,1,0,1,0,1,0
Biblioteca de componentes compartilhados do SisLara,br.laramara.ti.sislaracommons.dtos.usuario,ResultadoListagemSituacaoGuardaDTO,0,3,0,0,0,1,0,1,0,1
Biblioteca de componentes compartilhados do SisLara,br.laramara.ti.sislaracommons.dtos.usuario,ResultadoListagemClassificacaoSocialDTO,0,3,0,0,0,1,0,1,0,1
Biblioteca de componentes compartilhados do SisLara,br.laramara.ti.sislaracommons.dtos.usuario,TipoConstrucaoDTO,37,15,12,0,13,6,7,3,1,3
Biblioteca de componentes compartilhados do SisLara,br.laramara.ti.sislaracommons.dtos.usuario,StatusBeneficioDTO,32,14,11,1,11,6,6,3,0,3
Biblioteca de componentes compartilhados do SisLara,br.laramara.ti.sislaracommons.dtos.usuario,ResultadoListagemGrupoEtnicoDTO,0,3,0,0,0,1,0,1,0,1
Biblioteca de componentes compartilhados do SisLara,br.laramara.ti.sislaracommons.dtos.usuario,ResultadoListagemRedeEncaminhamentoDTO,3,0,0,0,1,0,1,0,1,0
Biblioteca de componentes compartilhados do SisLara,br.laramara.ti.sislaracommons.dtos.usuario,SetorDTO,32,14,11,1,11,6,6,3,0,3
Biblioteca de componentes compartilhados do SisLara,br.laramara.ti.sislaracommons.dtos.usuario,ResultadoListagemGeneroDTO,0,3,0,0,0,1,0,1,0,1
Biblioteca de componentes compartilhados do SisLara,br.laramara.ti.sislaracommons.dtos.usuario,PeriodoBeneficioDTO,62,38,12,0,14,17,8,11,2,11
Biblioteca de componentes compartilhados do SisLara,br.laramara.ti.sislaracommons.dtos.usuario,ResultadoListagemDoencaDTO,3,0,0,0,1,0,1,0,1,0
Biblioteca de componentes compartilhados do SisLara,br.laramara.ti.sislaracommons.dtos.usuario,ResultadoValidacaoCertidaoDTO,8,0,0,0,3,0,2,0,2,0
Biblioteca de componentes compartilhados do SisLara,br.laramara.ti.sislaracommons.dtos.usuario,CertidaoDTO,93,3,12,0,37,1,23,1,17,1
Biblioteca de componentes compartilhados do SisLara,br.laramara.ti.sislaracommons.dtos.usuario,ResultadoValidacaoPeriodoDeficienciaDTO,0,8,0,0,0,3,0,2,0,2
Biblioteca de componentes compartilhados do SisLara,br.laramara.ti.sislaracommons.dtos.usuario,DeficienciaDTO,37,21,12,0,13,8,7,4,1,4
Biblioteca de componentes compartilhados do SisLara,br.laramara.ti.sislaracommons.dtos.usuario,InfraestruturaBasicaDTO,37,15,12,0,13,6,7,3,1,3
Biblioteca de componentes compartilhados do SisLara,br.laramara.ti.sislaracommons.dtos.usuario,ResultadoListagemBeneficioDTO,0,3,0,0,0,1,0,1,0,1
Biblioteca de componentes compartilhados do SisLara,br.laramara.ti.sislaracommons.dtos.usuario,EtiologiaDTO,55,3,12,0,20,2,12,1,6,1
Biblioteca de componentes compartilhados do SisLara,br.laramara.ti.sislaracommons.dtos.usuario,RedeEncaminhamentoDTO,37,15,12,0,13,6,7,3,1,3
Biblioteca de componentes compartilhados do SisLara,br.laramara.ti.sislaracommons.dtos.usuario,GrupoEtnicoDTO,37,9,12,0,13,4,7,2,1,2
Biblioteca de componentes compartilhados do SisLara,br.laramara.ti.sislaracommons.dtos.usuario,ResultadoListagemStatusBeneficioDTO,3,0,0,0,1,0,1,0,1,0
Biblioteca de componentes compartilhados do SisLara,br.laramara.ti.sislaracommons.dtos.usuario,ResultadoListagemTipoLeituraDTO,3,0,0,0,1,0,1,0,1,0
Biblioteca de componentes compartilhados do SisLara,br.laramara.ti.sislaracommons.dtos.usuario,ResultadoListagemUfDTO,0,3,0,0,0,1,0,1,0,1
Biblioteca de componentes compartilhados do SisLara,br.laramara.ti.sislaracommons.dtos.usuario,GeneroDTO,37,9,12,0,13,4,7,2,1,2
Biblioteca de componentes compartilhados do SisLara,br.laramara.ti.sislaracommons.dtos.usuario,ResultadoValidacaoPeriodoComprometimentoDTO,8,0,0,0,3,0,2,0,2,0
Biblioteca de componentes compartilhados do SisLara,br.laramara.ti.sislaracommons.dtos.usuario,ExpectativaDTO,37,15,12,0,13,6,7,3,1,3
Biblioteca de componentes compartilhados do SisLara,br.laramara.ti.sislaracommons.dtos.usuario,StatusDTO,32,14,11,1,11,6,6,3,0,3
Biblioteca de componentes compartilhados do SisLara,br.laramara.ti.sislaracommons.dtos.usuario,TipoCertidaoDTO,37,9,12,0,13,4,7,2,1,2
Biblioteca de componentes compartilhados do SisLara,br.laramara.ti.sislaracommons.dtos.usuario,ResultadoValidacaoPeriodoDoencaDTO,8,0,0,0,3,0,2,0,2,0
Biblioteca de componentes compartilhados do SisLara,br.laramara.ti.sislaracommons.dtos.usuario,ComprometimentoDTO,37,15,12,0,13,6,7,3,1,3
Biblioteca de componentes compartilhados do SisLara,br.laramara.ti.sislaracommons.dtos.usuario,ResultadoListagemSituacaoHabitacionalDTO,0,3,0,0,0,1,0,1,0,1
Biblioteca de componentes compartilhados do SisLara,br.laramara.ti.sislaracommons.dtos.usuario,ResultadoListagemEstadoCivilDTO,0,3,0,0,0,1,0,1,0,1
Biblioteca de componentes compartilhados do SisLara,br.laramara.ti.sislaracommons.dtos.usuario,ResultadoListagemInfraestruturaBasicaDTO,0,3,0,0,0,1,0,1,0,1
Biblioteca de componentes compartilhados do SisLara,br.laramara.ti.sislaracommons.dtos.usuario,HabitacaoDTO,37,15,12,0,13,6,7,3,1,3
Biblioteca de componentes compartilhados do SisLara,br.laramara.ti.sislaracommons.dtos.usuario,SituacaoMoradiaDTO,52,0,12,0,19,0,10,0,4,0
Biblioteca de componentes compartilhados do SisLara,br.laramara.ti.sislaracommons.dtos.usuario,ResultadoConsultaCidDTO,8,0,0,0,3,0,2,0,2,0
Biblioteca de componentes compartilhados do SisLara,br.laramara.ti.sislaracommons.dtos.usuario,RecursoMoradiaDTO,37,15,12,0,13,6,7,3,1,3
Biblioteca de componentes compartilhados do SisLara,br.laramara.ti.sislaracommons.dtos.usuario,ResultadoListagemProntuarioEscaneadoDTO,0,3,0,0,0,1,0,1,0,1
Biblioteca de componentes compartilhados do SisLara,br.laramara.ti.sislaracommons.dtos.usuario,CidDTO,40,12,12,0,14,5,8,2,2,2
Biblioteca de componentes compartilhados do SisLara,br.laramara.ti.sislaracommons.dtos.usuario,ResultadoListagemPaisDTO,0,3,0,0,0,1,0,1,0,1
Biblioteca de componentes compartilhados do SisLara,br.laramara.ti.sislaracommons.dtos.usuario,ResultadoListagemMunicipioDTO,0,3,0,0,0,1,0,1,0,1
Biblioteca de componentes compartilhados do SisLara,br.laramara.ti.sislaracommons.dtos.usuario,EstadoCivilDTO,37,15,12,0,13,6,7,3,1,3
Biblioteca de componentes compartilhados do SisLara,br.laramara.ti.sislaracommons.dtos.usuario,ResultadoListagemComprometimentoDTO,3,0,0,0,1,0,1,0,1,0
Biblioteca de componentes compartilhados do SisLara,br.laramara.ti.sislaracommons.dtos.usuario,ResultadoListagemUsuarioDTO,0,3,0,0,0,1,0,1,0,1
Biblioteca de componentes compartilhados do SisLara,br.laramara.ti.sislaracommons.dtos.usuario,ResultadoListagemServicoDTO,0,3,0,0,0,1,0,1,0,1
Biblioteca de componentes compartilhados do SisLara,br.laramara.ti.sislaracommons.dtos.usuario,ResultadoListagemRecursoMoradiaDTO,0,3,0,0,0,1,0,1,0,1
Biblioteca de componentes compartilhados do SisLara,br.laramara.ti.sislaracommons.dtos.usuario,ResultadoListagemSetorDTO,0,3,0,0,0,1,0,1,0,1
Biblioteca de componentes compartilhados do SisLara,br.laramara.ti.sislaracommons.dtos.usuario,NecessidadeDTO,37,15,12,0,13,6,7,3,1,3
Biblioteca de componentes compartilhados do SisLara,br.laramara.ti.sislaracommons.dtos.usuario,TipoLeituraDTO,37,9,12,0,13,4,7,2,1,2
Biblioteca de componentes compartilhados do SisLara,br.laramara.ti.sislaracommons.dtos.usuario,PeriodoDoencaDTO,110,0,14,0,31,0,20,0,13,0
Biblioteca de componentes compartilhados do SisLara,br.laramara.ti.sislaracommons.dtos.usuario,ResultadoValidacaoPeriodoBeneficioDTO,0,8,0,0,0,3,0,2,0,2
Biblioteca de componentes compartilhados do SisLara,br.laramara.ti.sislaracommons.dtos.grupo,InformacaoAtendimentoDTO,12,36,0,0,4,15,3,9,3,9
Biblioteca de componentes compartilhados do SisLara,br.laramara.ti.sislaracommons.dtos.grupo,ResultadoEdicaoAtendimentoGrupoDTO,3,0,0,0,1,0,1,0,1,0
Biblioteca de componentes compartilhados do SisLara,br.laramara.ti.sislaracommons.dtos.grupo,DiaSemanaDTO,32,14,11,1,11,6,6,3,0,3
Biblioteca de componentes compartilhados do SisLara,br.laramara.ti.sislaracommons.dtos.grupo,TipoAtendimentoDTO,37,29,12,0,13,12,7,7,1,7
Biblioteca de componentes compartilhados do SisLara,br.laramara.ti.sislaracommons.dtos.grupo,ResultadoValidacaoProgramacaoDTO,0,8,0,0,0,3,0,2,0,2
Biblioteca de componentes compartilhados do SisLara,br.laramara.ti.sislaracommons.dtos.grupo,DescricaoTipoAtendimentoDTO,40,69,12,0,14,28,8,17,2,17
Biblioteca de componentes compartilhados do SisLara,br.laramara.ti.sislaracommons.dtos.grupo,FrequenciaDTO,37,9,12,0,13,4,7,2,1,2
Biblioteca de componentes compartilhados do SisLara,br.laramara.ti.sislaracommons.dtos.grupo,ResultadoListagemNomeGrupoDTO,0,3,0,0,0,1,0,1,0,1
Biblioteca de componentes compartilhados do SisLara,br.laramara.ti.sislaracommons.dtos.grupo,TipificacaoServicoDTO,37,15,12,0,13,6,7,3,1,3
Biblioteca de componentes compartilhados do SisLara,br.laramara.ti.sislaracommons.dtos.grupo,LocalAtendimentoDTO,32,20,11,1,11,8,6,4,0,4
Biblioteca de componentes compartilhados do SisLara,br.laramara.ti.sislaracommons.dtos.grupo,ResultadoListagemProfissionalDTO,0,3,0,0,0,1,0,1,0,1
Biblioteca de componentes compartilhados do SisLara,br.laramara.ti.sislaracommons.dtos.grupo,EspecificacaoPesquisaGrupoDTO,10,0,0,0,4,0,2,0,2,0
Biblioteca de componentes compartilhados do SisLara,br.laramara.ti.sislaracommons.dtos.grupo,NomeGrupoDTO,32,20,11,1,11,8,6,4,0,4
Biblioteca de componentes compartilhados do SisLara,br.laramara.ti.sislaracommons.dtos.grupo,ProfissionalVinculoDTO,41,24,12,0,14,10,8,7,2,7
Biblioteca de componentes compartilhados do SisLara,br.laramara.ti.sislaracommons.dtos.grupo,ResultadoListagemNomeCompletoGrupoDTO,3,0,0,0,1,0,1,0,1,0
Biblioteca de componentes compartilhados do SisLara,br.laramara.ti.sislaracommons.dtos.grupo,ResultadoValidacaoLoteRecursoDTO,0,8,0,0,0,3,0,2,0,2
Biblioteca de componentes compartilhados do SisLara,br.laramara.ti.sislaracommons.dtos.grupo,ResultadoValidacaoModuloRelacaoBaseDTO,0,8,0,0,0,3,0,2,0,2
Biblioteca de componentes compartilhados do SisLara,br.laramara.ti.sislaracommons.dtos.grupo,GrupoDTO,110,210,3,3,26,60,18,34,16,33
Biblioteca de componentes compartilhados do SisLara,br.laramara.ti.sislaracommons.dtos.grupo,ModuloUsuarioDTO,5,10,0,0,1,5,1,3,1,3
Biblioteca de componentes compartilhados do SisLara,br.laramara.ti.sislaracommons.dtos.grupo,ProfissionalDTO,37,21,12,0,13,8,7,4,1,4
Biblioteca de componentes compartilhados do SisLara,br.laramara.ti.sislaracommons.dtos.grupo,ResultadoValidacaoDiaSemanaEHorarioDTO,8,0,0,0,3,0,2,0,2,0
Biblioteca de componentes compartilhados do SisLara,br.laramara.ti.sislaracommons.dtos.grupo,DiaSemanaEHorarioDTO,54,29,12,0,14,12,8,7,2,7
Biblioteca de componentes compartilhados do SisLara,br.laramara.ti.sislaracommons.dtos.grupo,ResultadoValidacaoModuloPeriodoDTO,0,8,0,0,0,3,0,2,0,2
Biblioteca de componentes compartilhados do SisLara,br.laramara.ti.sislaracommons.dtos.grupo,ModuloPeriodoDTO,71,166,10,6,13,57,11,28,3,28
Biblioteca de componentes compartilhados do SisLara,br.laramara.ti.sislaracommons.dtos.grupo,ModuloRelacaoBaseDTO,47,45,12,0,17,19,10,13,4,13
Biblioteca de componentes compartilhados do SisLara,br.laramara.ti.sislaracommons.dtos.grupo,ResultadoValidacaoAtendimentoBaseDTO,0,8,0,0,0,3,0,2,0,2
Biblioteca de componentes compartilhados do SisLara,br.laramara.ti.sislaracommons.dtos.grupo,ResultadoListagemGrupoDTO,0,3,0,0,0,1,0,1,0,1
Biblioteca de componentes compartilhados do SisLara,br.laramara.ti.sislaracommons.dtos.grupo,ResultadoListagemDiaSemanaDTO,0,3,0,0,0,1,0,1,0,1
Biblioteca de componentes compartilhados do SisLara,br.laramara.ti.sislaracommons.dtos.grupo,EspecificacaoGeracaoAtendimentoDTO,8,21,0,0,4,8,2,4,2,4
Biblioteca de componentes compartilhados do SisLara,br.laramara.ti.sislaracommons.dtos.grupo,ResultadoListagemDescricaoTipoAtendimentoDTO,0,3,0,0,0,1,0,1,0,1
Biblioteca de componentes compartilhados do SisLara,br.laramara.ti.sislaracommons.dtos.grupo,ProgramacaoDTO,0,52,0,0,0,23,0,15,0,15
Biblioteca de componentes compartilhados do SisLara,br.laramara.ti.sislaracommons.dtos.grupo,ResultadoListagemRecursoDTO,0,3,0,0,0,1,0,1,0,1
Biblioteca de componentes compartilhados do SisLara,br.laramara.ti.sislaracommons.dtos.grupo,RecursoDTO,37,27,12,0,13,10,7,5,1,5
Biblioteca de componentes compartilhados do SisLara,br.laramara.ti.sislaracommons.dtos.grupo,ResultadoEdicaoModuloPeriodoDTO,3,0,0,0,1,0,1,0,1,0
Biblioteca de componentes compartilhados do SisLara,br.laramara.ti.sislaracommons.dtos.grupo,ModuloDTO,37,15,12,0,13,6,7,3,1,3
Biblioteca de componentes compartilhados do SisLara,br.laramara.ti.sislaracommons.dtos.grupo,ModuloPreCadastroDTO,33,66,0,0,13,29,9,19,9,19
Biblioteca de componentes compartilhados do SisLara,br.laramara.ti.sislaracommons.dtos.grupo,ResultadoListagemTipoAtendimentoDTO,0,3,0,0,0,1,0,1,0,1
Biblioteca de componentes compartilhados do SisLara,br.laramara.ti.sislaracommons.dtos.grupo,ResultadoGeracaoAtendimentoDTO,14,8,0,0,6,3,4,2,4,2
Biblioteca de componentes compartilhados do SisLara,br.laramara.ti.sislaracommons.dtos.grupo,ResultadoListagemFrequenciaDTO,0,3,0,0,0,1,0,1,0,1
Biblioteca de componentes compartilhados do SisLara,br.laramara.ti.sislaracommons.dtos.grupo,ResultadoListagemLocalAtendimentoDTO,0,3,0,0,0,1,0,1,0,1
Biblioteca de componentes compartilhados do SisLara,br.laramara.ti.sislaracommons.dtos.grupo,ResultadoEdicaoGrupoDTO,0,3,0,0,0,1,0,1,0,1
Biblioteca de componentes compartilhados do SisLara,br.laramara.ti.sislaracommons.dtos.grupo,ResultadoListagemStatusRelacaoUsuarioModuloDTO,0,3,0,0,0,1,0,1,0,1
Biblioteca de componentes compartilhados do SisLara,br.laramara.ti.sislaracommons.dtos.grupo,ResultadoSincronizacaoDTO,0,8,0,0,0,3,0,2,0,2
Biblioteca de componentes compartilhados do SisLara,br.laramara.ti.sislaracommons.dtos.grupo,LoteRecursoDTO,25,51,0,0,3,22,2,11,2,11
Biblioteca de componentes compartilhados do SisLara,br.laramara.ti.sislaracommons.dtos.grupo,ResultadoListagemTipificacaoServicoDTO,3,0,0,0,1,0,1,0,1,0
Biblioteca de componentes compartilhados do SisLara,br.laramara.ti.sislaracommons.dtos.grupo,StatusRelacaoComModuloDTO,37,9,12,0,13,4,7,2,1,2
Biblioteca de componentes compartilhados do SisLara,br.laramara.ti.sislaracommons.dtos.solicitacao,ResultadoEdicaoSolicitacaoRelatorioDTO,3,0,0,0,1,0,1,0,1,0
Biblioteca de componentes compartilhados do SisLara,br.laramara.ti.sislaracommons.dtos.solicitacao,SolicitacaoRelatorioDTO,49,87,0,0,21,37,14,25,14,25
Biblioteca de componentes compartilhados do SisLara,br.laramara.ti.sislaracommons.dtos.solicitacao,ResultadoListagemFinalidadeRelatorioDTO,3,0,0,0,1,0,1,0,1,0
Biblioteca de componentes compartilhados do SisLara,br.laramara.ti.sislaracommons.dtos.solicitacao,ResultadoListagemStatusSolicitacaoRelatorioDTO,3,0,0,0,1,0,1,0,1,0
Biblioteca de componentes compartilhados do SisLara,br.laramara.ti.sislaracommons.dtos.solicitacao,ResultadoListagemSolicitacaoRelatorioDTO,3,0,0,0,1,0,1,0,1,0
Biblioteca de componentes compartilhados do SisLara,br.laramara.ti.sislaracommons.dtos.solicitacao,FinalidadeRelatorioDTO,37,9,12,0,13,4,7,2,1,2
Biblioteca de componentes compartilhados do SisLara,br.laramara.ti.sislaracommons.dtos.solicitacao,ResultadoListagemElaboradorDTO,3,0,0,0,1,0,1,0,1,0
Biblioteca de componentes compartilhados do SisLara,br.laramara.ti.sislaracommons.dtos.solicitacao,StatusSolicitacaoRelatorioDTO,32,14,11,1,11,6,6,3,0,3
Biblioteca de componentes compartilhados do SisLara,br.laramara.ti.sislaracommons.dtos.solicitacao,EspecificacaoPesquisaSolicitacaoRelatorioDTO,0,43,0,0,0,14,0,8,0,8
Biblioteca de componentes compartilhados do SisLara,br.laramara.ti.sislaracommons.dtos.solicitacao,ElaboradorDTO,37,9,12,0,13,4,7,2,1,2
Biblioteca de componentes compartilhados do SisLara,br.laramara.ti.sislaracommons.dtos.endereco,UfDTO,37,9,12,0,13,4,7,2,1,2
Biblioteca de componentes compartilhados do SisLara,br.laramara.ti.sislaracommons.dtos.endereco,MunicipioDTO,32,26,11,1,11,10,6,5,0,5
Biblioteca de componentes compartilhados do SisLara,br.laramara.ti.sislaracommons.dtos.endereco,EnderecoCEPDTO,0,38,0,0,0,16,0,11,0,11
Biblioteca de componentes compartilhados do SisLara,br.laramara.ti.sislaracommons.dtos.endereco,PaisDTO,37,15,12,0,13,6,7,3,1,3
Biblioteca de componentes compartilhados do SisLara,br.laramara.ti.sislaracommons.dtos.endereco,EnderecoDTO,0,73,0,0,0,32,0,21,0,21
Biblioteca de componentes compartilhados do SisLara,br.laramara.ti.sislaracommons.dtos.endereco,ResultadoConsultaCEP,8,0,0,0,3,0,2,0,2,0
Biblioteca de componentes compartilhados do SisLara,br.laramara.ti.sislaracommons.dtos.endereco,ZonaDTO,37,9,12,0,13,4,7,2,1,2
Biblioteca de componentes compartilhados do SisLara,br.laramara.ti.sislaracommons.dtos.trabalho,CargoDTO,37,15,12,0,13,6,7,3,1,3
Biblioteca de componentes compartilhados do SisLara,br.laramara.ti.sislaracommons.dtos.trabalho,LocalTrabalhoDTO,37,15,12,0,13,6,7,3,1,3
Biblioteca de componentes compartilhados do SisLara,br.laramara.ti.sislaracommons.dtos.trabalho,InformacaoTrabalhoCompletaDTO,37,66,12,0,13,29,7,19,1,19
Biblioteca de componentes compartilhados do SisLara,br.laramara.ti.sislaracommons.dtos.trabalho,ResultadoValidacaoInformacaoTrabalhoCompletaDTO,8,0,0,0,3,0,2,0,2,0
Biblioteca de componentes compartilhados do SisLara,br.laramara.ti.sislaracommons.dtos.trabalho,ResultadoListagemLocalTrabalhoDTO,3,0,0,0,1,0,1,0,1,0
Biblioteca de componentes compartilhados do SisLara,br.laramara.ti.sislaracommons.dtos.trabalho,ResultadoListagemCargoDTO,3,0,0,0,1,0,1,0,1,0
Biblioteca de componentes compartilhados do SisLara,br.laramara.ti.sislaracommons.dtos.familiar,ParentescoDTO,37,15,12,0,13,6,7,3,1,3
Biblioteca de componentes compartilhados do SisLara,br.laramara.ti.sislaracommons.dtos.familiar,InformacaoTrabalhoDTO,0,31,0,0,0,13,0,9,0,9
Biblioteca de componentes compartilhados do SisLara,br.laramara.ti.sislaracommons.dtos.familiar,ResultadoValidacaoFamiliarDTO,0,8,0,0,0,3,0,2,0,2
Biblioteca de componentes compartilhados do SisLara,br.laramara.ti.sislaracommons.dtos.familiar,FamiliarDTO,10,152,0,0,4,61,3,36,3,36
Biblioteca de componentes compartilhados do SisLara,br.laramara.ti.sislaracommons.dtos.familiar,ResultadoListagemParentescoDTO,0,3,0,0,0,1,0,1,0,1
